Loudness,MFCC_1,MFCC_2,MFCC_3,MFCC_4,MFCC_5,MFCC_6,MFCC_7,MFCC_8,MFCC_9,MFCC_10,MFCC_11,MFCC_12,ZCR,Chroma_1,Chroma_2,Chroma_3,Chroma_4,Chroma_5,Chroma_6,Chroma_7,Chroma_8,Chroma_9,Chroma_10,Chroma_11,Chroma_12,Mel_Spectrogram_1,Mel_Spectrogram_2,Mel_Spectrogram_3,Mel_Spectrogram_4,Mel_Spectrogram_5,Mel_Spectrogram_6,Mel_Spectrogram_7,Mel_Spectrogram_8,Mel_Spectrogram_9,Mel_Spectrogram_10,Mel_Spectrogram_11,Mel_Spectrogram_12,Mean
0.000307638494221505,-578.2948,-419.02902,-364.0477,-352.35547,-361.88232,-370.54245,-365.66492,-366.55338,-378.61682,-387.0627,-390.0142,-395.1884,0.1845703125,0.9415794,1.0,0.29519606,0.676478,0.57257605,0.2995715,0.23757774,0.1905473,0.21307622,0.17145137,0.24438445,0.1613376,6.926796e-06,9.8089185e-05,0.000116780546,0.00011537422,6.719012e-05,5.2712912e-05,3.805607e-05,1.963699e-05,3.2208958e-05,1.7116143e-05,2.8333498e-05,4.6297428e-05,-124.31744406166993
0.0008438150554961303,-14.276159,-39.266335,-90.59299,-103.171165,-118.424904,-110.237885,-98.751236,-111.25758,-119.740005,-119.342896,-109.319214,-105.43901,0.408203125,1.0,0.93735373,0.33961236,0.6461992,0.8292269,0.45858154,0.4744169,0.6135034,0.4102222,0.5521861,0.76248133,0.71787757,7.161129e-06,0.0002792451,0.00017616908,0.00020397121,6.394674e-05,4.303039e-05,3.43442e-05,3.6849306e-05,2.3199278e-05,1.5158961e-05,1.6890383e-05,2.5251373e-05,-29.780730168386988
0.0019030305740622283,-18.141556,-9.838763,12.376335,39.176216,49.36592,48.29299,34.893703,21.351238,28.84362,18.474636,15.057085,18.157875,0.505859375,0.45485467,0.41438085,0.23464604,0.5296765,1.0,0.43421566,0.5975512,0.5084979,0.46218595,0.69919527,1.0,1.0,3.348218e-06,9.662689e-05,0.00013593533,0.00022364322,0.00017456758,0.0001248117,0.00067595614,7.686494e-05,3.394029e-05,4.3825166e-05,6.153354e-05,5.4142063e-05,6.9961572300937185
0.0039025856224037957,35.662796,30.545345,17.908768,-9.783434,-39.16813,-46.900078,-59.69339,-56.580696,-43.681145,-51.098343,-50.080315,-54.89022,0.619140625,0.27990752,0.35062402,0.14071836,0.207995,0.85173887,0.48314565,0.24633501,0.2764006,0.3212652,0.35434648,0.4802451,0.42201006,4.317737e-06,0.000117181364,0.00023406361,0.0001775859,0.0002667271,0.00021532764,0.0014442237,0.0028682516,0.0009543643,0.00039570715,0.0005992297,0.00136536,-8.492432187381615
0.007312156012310227,-5.5550337,-15.030775,-28.549713,-14.023554,-0.14957353,22.687267,7.941591,12.104532,25.919346,21.112246,15.03175,17.151814,0.73046875,0.37339127,0.55058527,0.16877924,0.15363672,0.6042694,1.0,0.5305721,0.6470461,0.71224284,1.0,0.92421067,0.6959317,4.7917943e-06,5.231129e-05,0.00013803081,0.0001490973,0.00021327136,0.00024868315,0.00035049554,0.0016444199,0.0014753324,0.002496161,0.0018010496,0.0019592943,1.7565493375908763
0.009909757531262503,11.047226,7.080961,17.061298,10.030897,3.2825446,-0.7767742,-4.7793016,-1.4787692,4.1661835,12.587648,6.9528174,4.0905128,0.8017578125,0.2848349,0.592137,0.2511899,0.16292651,0.45899627,0.62323856,0.5653063,0.5311942,0.7899839,0.8338028,0.7420424,0.5213515,2.3210245e-05,0.00069476984,0.00053320505,0.0006076697,0.00019521502,0.00023368104,0.0003804426,0.00024235556,0.000280584,0.0002830018,0.00018974727,0.00017694867,2.011519921203314
0.012286365914564864,-5.848332,-16.394825,-8.452847,-18.529705,1.3888195,8.347677,18.01014,24.123497,17.875076,19.89318,29.557,20.950012,0.8173828125,0.2810389,0.5419094,0.51251596,0.43465823,0.5640221,0.409187,1.0,1.0,1.0,0.5042722,0.7325769,0.74085456,2.3214252e-05,0.0004886102,0.0005537699,0.0003759155,0.00023370243,0.0003020232,0.00027927553,0.00051179685,0.00039727072,0.00030103585,0.00026213785,0.00026990913,2.6177472729747833
0.01604930411963335,1.3681206,4.3438134,8.866029,7.9092383,12.228386,13.1376915,22.99375,18.135834,8.633185,6.1986794,6.9051466,5.1812644,0.8134765625,0.3304286,0.64902776,1.0,0.8008251,0.28741196,0.1041657,0.22748648,0.337425,0.314539,0.156292,0.20981176,0.26601055,1.8479748e-05,0.0006034037,0.0021412282,0.0007971737,0.00050152966,0.00032586322,0.00036825443,0.0005091229,0.0005049199,0.00038329908,0.0004452733,0.00032417435,3.1952897426295856
0.019310761688679703,8.753763,11.302246,-3.1676455,-2.402487,-2.4189928,2.0588038,11.354408,-2.9639444,-5.4119763,-5.3873367,-10.790041,-12.52353,0.8076171875,0.26643214,0.6488189,0.74273956,0.77037126,0.19301172,0.019791128,0.021899264,0.02021492,0.029739369,0.04557386,0.030980492,0.035711735,5.5586548e-05,0.0013198743,0.007767162,0.0029356813,0.0011675607,0.0005112655,0.00046906114,0.00068589475,0.00065367005,0.00050900853,0.0005924977,0.000363724,-0.20861813404606547
0.022978720572871224,2.348256,9.058558,8.044153,14.61231,9.901373,10.196049,7.598627,-11.296254,-2.07617,4.8401756,-9.332062,-6.268711,0.8037109375,0.23907329,0.67936575,0.85258263,1.0,0.42546389,0.034441855,0.03874293,0.051993232,0.035077177,0.037451014,0.04180852,0.033967808,3.0213043e-05,0.0013761376,0.020259598,0.026678577,0.010685731,0.0033348834,0.0027152414,0.0024018511,0.0030599593,0.0030862542,0.0015347522,0.0015310181,1.1052541461503358
0.02323379630592776,-3.8194602,-2.6081052,0.39214084,-3.7745948,0.9952397,3.4188933,-4.6429663,-0.8247144,8.102615,17.965698,5.986067,8.150766,0.798828125,0.30067778,0.7555606,0.5265402,0.67338467,0.36646044,0.09916951,0.08497703,0.051822405,0.056221973,0.061415985,0.05322497,0.04823192,1.2328772e-05,0.0010323083,0.028848112,0.077693745,0.08225311,0.05576654,0.031074716,0.030719534,0.02763412,0.018780988,0.012218254,0.01181628,0.8847152436193015
0.021111721643758876,8.973339,4.3455415,7.480551,1.8636341,7.324933,10.66751,-8.740058,19.467052,15.876665,16.888485,16.549473,17.699688,0.798828125,0.39958724,0.9224183,0.44748223,0.7640763,0.44256222,0.18229824,0.11736994,0.08604683,0.1345127,0.11236814,0.08487633,0.06924169,2.7817327e-06,0.00016941712,0.0047852905,0.040442433,0.1640218,0.2445758,0.14518555,0.15243734,0.14320743,0.11164734,0.077450946,0.077088,3.266858104962423
0.019544950537766823,,,,,,,,,,,,,0.791015625,,,,,,,,,,,,,,,,,,,,,,,,,0.4052802877688834
0.019321510563357524,,,,,,,,,,,,,0.4892578125,,,,,,,,,,,,,,,,,,,,,,,,,0.25428966153167876
0.020370731280815284,,,,,,,,,,,,,0.1943359375,,,,,,,,,,,,,,,,,,,,,,,,,0.10735333439040765
0.020242238055395732,,,,,,,,,,,,,0.212890625,,,,,,,,,,,,,,,,,,,,,,,,,0.11656643152769787
0.01988088760070416,,,,,,,,,,,,,0.23828125,,,,,,,,,,,,,,,,,,,,,,,,,0.12908106880035208
0.017878713279774142,,,,,,,,,,,,,0.2412109375,,,,,,,,,,,,,,,,,,,,,,,,,0.12954482538988707
0.015717403611047853,,,,,,,,,,,,,0.2255859375,,,,,,,,,,,,,,,,,,,,,,,,,0.12065167055552392
0.013567396506125016,,,,,,,,,,,,,0.2177734375,,,,,,,,,,,,,,,,,,,,,,,,,0.1156704170030625
0.012970654525681585,,,,,,,,,,,,,0.22265625,,,,,,,,,,,,,,,,,,,,,,,,,0.11781345226284079
0.013153362160425713,,,,,,,,,,,,,0.2314453125,,,,,,,,,,,,,,,,,,,,,,,,,0.12229933733021285
0.01306876200343782,,,,,,,,,,,,,0.220703125,,,,,,,,,,,,,,,,,,,,,,,,,0.11688594350171891
0.013176303410764844,,,,,,,,,,,,,0.201171875,,,,,,,,,,,,,,,,,,,,,,,,,0.10717408920538242
0.012276011119749766,,,,,,,,,,,,,0.1806640625,,,,,,,,,,,,,,,,,,,,,,,,,0.09647003680987488
0.013169363739740961,,,,,,,,,,,,,0.1494140625,,,,,,,,,,,,,,,,,,,,,,,,,0.08129171311987048
0.012931423687443983,,,,,,,,,,,,,0.1328125,,,,,,,,,,,,,,,,,,,,,,,,,0.072871961843722
0.01903383405769022,,,,,,,,,,,,,0.140625,,,,,,,,,,,,,,,,,,,,,,,,,0.0798294170288451
0.03749637306823481,,,,,,,,,,,,,0.1669921875,,,,,,,,,,,,,,,,,,,,,,,,,0.1022442802841174
0.05903471478592667,,,,,,,,,,,,,0.189453125,,,,,,,,,,,,,,,,,,,,,,,,,0.12424391989296334
0.07235776980643335,,,,,,,,,,,,,0.1640625,,,,,,,,,,,,,,,,,,,,,,,,,0.11821013490321668
0.07409820994976123,,,,,,,,,,,,,0.0791015625,,,,,,,,,,,,,,,,,,,,,,,,,0.07659988622488062
0.07138779413689186,,,,,,,,,,,,,0.021484375,,,,,,,,,,,,,,,,,,,,,,,,,0.04643608456844593
0.06792306968146399,,,,,,,,,,,,,0.0185546875,,,,,,,,,,,,,,,,,,,,,,,,,0.04323887859073199
0.06598612476073087,,,,,,,,,,,,,0.0341796875,,,,,,,,,,,,,,,,,,,,,,,,,0.05008290613036544
0.06626189543998416,,,,,,,,,,,,,0.0791015625,,,,,,,,,,,,,,,,,,,,,,,,,0.07268172896999209
0.06693932502326287,,,,,,,,,,,,,0.12109375,,,,,,,,,,,,,,,,,,,,,,,,,0.09401653751163144
0.0679118116625193,,,,,,,,,,,,,0.109375,,,,,,,,,,,,,,,,,,,,,,,,,0.08864340583125965
0.06852312570552502,,,,,,,,,,,,,0.07421875,,,,,,,,,,,,,,,,,,,,,,,,,0.07137093785276251
0.06939867029319573,,,,,,,,,,,,,0.0556640625,,,,,,,,,,,,,,,,,,,,,,,,,0.06253136639659787
0.06849377227103721,,,,,,,,,,,,,0.0341796875,,,,,,,,,,,,,,,,,,,,,,,,,0.05133672988551861
0.06809668134465117,,,,,,,,,,,,,0.0205078125,,,,,,,,,,,,,,,,,,,,,,,,,0.04430224692232559
0.06993499052123825,,,,,,,,,,,,,0.01953125,,,,,,,,,,,,,,,,,,,,,,,,,0.044733120260619125
0.07153927643808418,,,,,,,,,,,,,0.0185546875,,,,,,,,,,,,,,,,,,,,,,,,,0.04504698196904209
0.07200939594264852,,,,,,,,,,,,,0.021484375,,,,,,,,,,,,,,,,,,,,,,,,,0.04674688547132426
0.07267832190058877,,,,,,,,,,,,,0.0322265625,,,,,,,,,,,,,,,,,,,,,,,,,0.05245244220029439
0.07413321196212988,,,,,,,,,,,,,0.0419921875,,,,,,,,,,,,,,,,,,,,,,,,,0.05806269973106494
0.07642822960203292,,,,,,,,,,,,,0.052734375,,,,,,,,,,,,,,,,,,,,,,,,,0.06458130230101647
0.07814657390263573,,,,,,,,,,,,,0.072265625,,,,,,,,,,,,,,,,,,,,,,,,,0.07520609945131787
0.08098084464208362,,,,,,,,,,,,,0.087890625,,,,,,,,,,,,,,,,,,,,,,,,,0.0844357348210418
0.08615390936588432,,,,,,,,,,,,,0.09375,,,,,,,,,,,,,,,,,,,,,,,,,0.08995195468294216
0.09128289702606741,,,,,,,,,,,,,0.095703125,,,,,,,,,,,,,,,,,,,,,,,,,0.0934930110130337
0.09346362422540178,,,,,,,,,,,,,0.09375,,,,,,,,,,,,,,,,,,,,,,,,,0.09360681211270089
0.08714347469146404,,,,,,,,,,,,,0.0859375,,,,,,,,,,,,,,,,,,,,,,,,,0.08654048734573203
0.06665361138131966,,,,,,,,,,,,,0.0810546875,,,,,,,,,,,,,,,,,,,,,,,,,0.07385414944065982
0.04109871061330626,,,,,,,,,,,,,0.078125,,,,,,,,,,,,,,,,,,,,,,,,,0.059611855306653125
0.03290934179639604,,,,,,,,,,,,,0.08203125,,,,,,,,,,,,,,,,,,,,,,,,,0.05747029589819802
0.02927894043338076,,,,,,,,,,,,,0.078125,,,,,,,,,,,,,,,,,,,,,,,,,0.05370197021669038
0.02549868637117263,,,,,,,,,,,,,0.0849609375,,,,,,,,,,,,,,,,,,,,,,,,,0.05522981193558631
0.02127132661281272,,,,,,,,,,,,,0.0966796875,,,,,,,,,,,,,,,,,,,,,,,,,0.05897550705640636
0.017352891402537395,,,,,,,,,,,,,0.099609375,,,,,,,,,,,,,,,,,,,,,,,,,0.0584811332012687
0.012119628210003563,,,,,,,,,,,,,0.09765625,,,,,,,,,,,,,,,,,,,,,,,,,0.05488793910500178
0.006398105108884874,,,,,,,,,,,,,0.0966796875,,,,,,,,,,,,,,,,,,,,,,,,,0.05153889630444244
0.0050561428913251895,,,,,,,,,,,,,0.0673828125,,,,,,,,,,,,,,,,,,,,,,,,,0.0362194776956626
0.004224892392967475,,,,,,,,,,,,,0.048828125,,,,,,,,,,,,,,,,,,,,,,,,,0.026526508696483736
0.003395789452814451,,,,,,,,,,,,,0.0634765625,,,,,,,,,,,,,,,,,,,,,,,,,0.033436175976407224
0.003238471286320298,,,,,,,,,,,,,0.0810546875,,,,,,,,,,,,,,,,,,,,,,,,,0.04214657939316015
0.0027465813689760894,,,,,,,,,,,,,0.15234375,,,,,,,,,,,,,,,,,,,,,,,,,0.07754516568448805
0.0022687019027512623,,,,,,,,,,,,,0.1005859375,,,,,,,,,,,,,,,,,,,,,,,,,0.05142731970137563
0.0023952820056066955,,,,,,,,,,,,,0.0322265625,,,,,,,,,,,,,,,,,,,,,,,,,0.017310922252803347
0.003600408403622869,,,,,,,,,,,,,0.033203125,,,,,,,,,,,,,,,,,,,,,,,,,0.018401766701811435
0.01283226795083461,,,,,,,,,,,,,0.0126953125,,,,,,,,,,,,,,,,,,,,,,,,,0.012763790225417305
0.032553676129155586,,,,,,,,,,,,,0.0205078125,,,,,,,,,,,,,,,,,,,,,,,,,0.026530744314577793
0.04549451652187812,,,,,,,,,,,,,0.0185546875,,,,,,,,,,,,,,,,,,,,,,,,,0.03202460201093906
0.046369408841098726,,,,,,,,,,,,,0.01953125,,,,,,,,,,,,,,,,,,,,,,,,,0.03295032942054936
0.03807952411156842,,,,,,,,,,,,,0.0185546875,,,,,,,,,,,,,,,,,,,,,,,,,0.02831710580578421
0.027968451926904694,,,,,,,,,,,,,0.033203125,,,,,,,,,,,,,,,,,,,,,,,,,0.03058578846345235
0.02173587856484231,,,,,,,,,,,,,0.0771484375,,,,,,,,,,,,,,,,,,,,,,,,,0.049442158032421156
0.018627010112778074,,,,,,,,,,,,,0.103515625,,,,,,,,,,,,,,,,,,,,,,,,,0.06107131755638904
0.015247693319113634,,,,,,,,,,,,,0.0927734375,,,,,,,,,,,,,,,,,,,,,,,,,0.054010565409556816
0.012435239059810973,,,,,,,,,,,,,0.0859375,,,,,,,,,,,,,,,,,,,,,,,,,0.04918636952990549
0.010422127830051194,,,,,,,,,,,,,0.0869140625,,,,,,,,,,,,,,,,,,,,,,,,,0.0486680951650256
0.009428477869654797,,,,,,,,,,,,,0.0927734375,,,,,,,,,,,,,,,,,,,,,,,,,0.0511009576848274
0.009503925314598781,,,,,,,,,,,,,0.095703125,,,,,,,,,,,,,,,,,,,,,,,,,0.052603525157299394
0.010197668673963036,,,,,,,,,,,,,0.0849609375,,,,,,,,,,,,,,,,,,,,,,,,,0.047579303086981516
0.010813456338091672,,,,,,,,,,,,,0.087890625,,,,,,,,,,,,,,,,,,,,,,,,,0.04935204066904583
0.01142326812839845,,,,,,,,,,,,,0.109375,,,,,,,,,,,,,,,,,,,,,,,,,0.06039913406419922
0.011429971248646816,,,,,,,,,,,,,0.1162109375,,,,,,,,,,,,,,,,,,,,,,,,,0.0638204543743234
0.011118116293868628,,,,,,,,,,,,,0.0654296875,,,,,,,,,,,,,,,,,,,,,,,,,0.03827390189693432
0.012157402481389298,,,,,,,,,,,,,0.0224609375,,,,,,,,,,,,,,,,,,,,,,,,,0.01730916999069465
0.017342535951851673,,,,,,,,,,,,,0.0263671875,,,,,,,,,,,,,,,,,,,,,,,,,0.021854861725925837
0.026682704387388696,,,,,,,,,,,,,0.0224609375,,,,,,,,,,,,,,,,,,,,,,,,,0.024571820943694346
0.040251842487058584,,,,,,,,,,,,,0.015625,,,,,,,,,,,,,,,,,,,,,,,,,0.027938421243529292
0.054866126517355535,,,,,,,,,,,,,0.0185546875,,,,,,,,,,,,,,,,,,,,,,,,,0.03671040700867777
0.06434027227565088,,,,,,,,,,,,,0.029296875,,,,,,,,,,,,,,,,,,,,,,,,,0.04681857363782544
0.07322906694511706,,,,,,,,,,,,,0.0283203125,,,,,,,,,,,,,,,,,,,,,,,,,0.05077468972255853
0.08401317158192795,,,,,,,,,,,,,0.0166015625,,,,,,,,,,,,,,,,,,,,,,,,,0.050307367040963974
0.07612437821472558,,,,,,,,,,,,,0.0146484375,,,,,,,,,,,,,,,,,,,,,,,,,0.04538640785736279
0.05903954988475055,,,,,,,,,,,,,0.0205078125,,,,,,,,,,,,,,,,,,,,,,,,,0.039773681192375274
0.053864452581017026,,,,,,,,,,,,,0.0546875,,,,,,,,,,,,,,,,,,,,,,,,,0.05427597629050851
0.0510096069272415,,,,,,,,,,,,,0.0810546875,,,,,,,,,,,,,,,,,,,,,,,,,0.06603214721362075
0.04798135137223669,,,,,,,,,,,,,0.0400390625,,,,,,,,,,,,,,,,,,,,,,,,,0.044010206936118346
0.04555763374382772,,,,,,,,,,,,,,,,,,,,,,,,,,,,,,,,,,,,,,0.04555763374382772
0.04331009379669222,,,,,,,,,,,,,,,,,,,,,,,,,,,,,,,,,,,,,,0.04331009379669222
0.041553907568358035,,,,,,,,,,,,,,,,,,,,,,,,,,,,,,,,,,,,,,0.041553907568358035
0.04005100054826435,,,,,,,,,,,,,,,,,,,,,,,,,,,,,,,,,,,,,,0.04005100054826435
0.038204526590309776,,,,,,,,,,,,,,,,,,,,,,,,,,,,,,,,,,,,,,0.038204526590309776
0.03575780584615721,,,,,,,,,,,,,,,,,,,,,,,,,,,,,,,,,,,,,,0.03575780584615721
0.03371069017642233,,,,,,,,,,,,,,,,,,,,,,,,,,,,,,,,,,,,,,0.03371069017642233
0.032313444684416485,,,,,,,,,,,,,,,,,,,,,,,,,,,,,,,,,,,,,,0.032313444684416485
0.031854742294485566,,,,,,,,,,,,,,,,,,,,,,,,,,,,,,,,,,,,,,0.031854742294485566
0.03210307252305078,,,,,,,,,,,,,,,,,,,,,,,,,,,,,,,,,,,,,,0.03210307252305078
0.03198988296024181,,,,,,,,,,,,,,,,,,,,,,,,,,,,,,,,,,,,,,0.03198988296024181
0.03106413081378773,,,,,,,,,,,,,,,,,,,,,,,,,,,,,,,,,,,,,,0.03106413081378773
0.03003789131333167,,,,,,,,,,,,,,,,,,,,,,,,,,,,,,,,,,,,,,0.03003789131333167
0.029339591316553684,,,,,,,,,,,,,,,,,,,,,,,,,,,,,,,,,,,,,,0.029339591316553684
0.02906752858829454,,,,,,,,,,,,,,,,,,,,,,,,,,,,,,,,,,,,,,0.02906752858829454
0.02901354318164594,,,,,,,,,,,,,,,,,,,,,,,,,,,,,,,,,,,,,,0.02901354318164594
0.02990553520246775,,,,,,,,,,,,,,,,,,,,,,,,,,,,,,,,,,,,,,0.02990553520246775
0.03186012867232073,,,,,,,,,,,,,,,,,,,,,,,,,,,,,,,,,,,,,,0.03186012867232073
0.03460519607999318,,,,,,,,,,,,,,,,,,,,,,,,,,,,,,,,,,,,,,0.03460519607999318
0.036032025464833015,,,,,,,,,,,,,,,,,,,,,,,,,,,,,,,,,,,,,,0.036032025464833015
0.035727148787694805,,,,,,,,,,,,,,,,,,,,,,,,,,,,,,,,,,,,,,0.035727148787694805
0.03642130874144916,,,,,,,,,,,,,,,,,,,,,,,,,,,,,,,,,,,,,,0.03642130874144916
0.03173975941076892,,,,,,,,,,,,,,,,,,,,,,,,,,,,,,,,,,,,,,0.03173975941076892
0.01955462264265681,,,,,,,,,,,,,,,,,,,,,,,,,,,,,,,,,,,,,,0.01955462264265681
0.008025094970884087,,,,,,,,,,,,,,,,,,,,,,,,,,,,,,,,,,,,,,0.008025094970884087
0.0048504160746323174,,,,,,,,,,,,,,,,,,,,,,,,,,,,,,,,,,,,,,0.0048504160746323174
0.004272745114480515,,,,,,,,,,,,,,,,,,,,,,,,,,,,,,,,,,,,,,0.004272745114480515
0.005100902866559359,,,,,,,,,,,,,,,,,,,,,,,,,,,,,,,,,,,,,,0.005100902866559359
0.006361402302044685,,,,,,,,,,,,,,,,,,,,,,,,,,,,,,,,,,,,,,0.006361402302044685
0.005313089002032827,,,,,,,,,,,,,,,,,,,,,,,,,,,,,,,,,,,,,,0.005313089002032827
0.0033146253894146263,,,,,,,,,,,,,,,,,,,,,,,,,,,,,,,,,,,,,,0.0033146253894146263
0.0017955259978521343,,,,,,,,,,,,,,,,,,,,,,,,,,,,,,,,,,,,,,0.0017955259978521343
0.0009942887177598,,,,,,,,,,,,,,,,,,,,,,,,,,,,,,,,,,,,,,0.0009942887177598
0.0002791687368599241,,,,,,,,,,,,,,,,,,,,,,,,,,,,,,,,,,,,,,0.0002791687368599241
0.00024874097352533094,,,,,,,,,,,,,,,,,,,,,,,,,,,,,,,,,,,,,,0.00024874097352533094
0.0003320634300353438,,,,,,,,,,,,,,,,,,,,,,,,,,,,,,,,,,,,,,0.0003320634300353438
0.00030194851787346125,,,,,,,,,,,,,,,,,,,,,,,,,,,,,,,,,,,,,,0.00030194851787346125
0.00023078123355550287,,,,,,,,,,,,,,,,,,,,,,,,,,,,,,,,,,,,,,0.00023078123355550287
0.00036784900163722205,,,,,,,,,,,,,,,,,,,,,,,,,,,,,,,,,,,,,,0.00036784900163722205
0.0009977213922197263,,,,,,,,,,,,,,,,,,,,,,,,,,,,,,,,,,,,,,0.0009977213922197263
0.0036225626149443174,,,,,,,,,,,,,,,,,,,,,,,,,,,,,,,,,,,,,,0.0036225626149443174
0.0071408687451871245,,,,,,,,,,,,,,,,,,,,,,,,,,,,,,,,,,,,,,0.0071408687451871245
0.011024098571366504,,,,,,,,,,,,,,,,,,,,,,,,,,,,,,,,,,,,,,0.011024098571366504
0.014072820461746233,,,,,,,,,,,,,,,,,,,,,,,,,,,,,,,,,,,,,,0.014072820461746233
0.01552574945008294,,,,,,,,,,,,,,,,,,,,,,,,,,,,,,,,,,,,,,0.01552574945008294
0.01524326392963489,,,,,,,,,,,,,,,,,,,,,,,,,,,,,,,,,,,,,,0.01524326392963489
0.014911933636675917,,,,,,,,,,,,,,,,,,,,,,,,,,,,,,,,,,,,,,0.014911933636675917
0.01584246759666755,,,,,,,,,,,,,,,,,,,,,,,,,,,,,,,,,,,,,,0.01584246759666755
0.017304742520516114,,,,,,,,,,,,,,,,,,,,,,,,,,,,,,,,,,,,,,0.017304742520516114
0.01798492661041576,,,,,,,,,,,,,,,,,,,,,,,,,,,,,,,,,,,,,,0.01798492661041576
0.017163781746153423,,,,,,,,,,,,,,,,,,,,,,,,,,,,,,,,,,,,,,0.017163781746153423
0.018219950984703973,,,,,,,,,,,,,,,,,,,,,,,,,,,,,,,,,,,,,,0.018219950984703973
0.026308074004753566,,,,,,,,,,,,,,,,,,,,,,,,,,,,,,,,,,,,,,0.026308074004753566
0.03199898676646482,,,,,,,,,,,,,,,,,,,,,,,,,,,,,,,,,,,,,,0.03199898676646482
0.03401389443113605,,,,,,,,,,,,,,,,,,,,,,,,,,,,,,,,,,,,,,0.03401389443113605
0.03317637979207141,,,,,,,,,,,,,,,,,,,,,,,,,,,,,,,,,,,,,,0.03317637979207141
0.032473963738698236,,,,,,,,,,,,,,,,,,,,,,,,,,,,,,,,,,,,,,0.032473963738698236
0.03747348282470144,,,,,,,,,,,,,,,,,,,,,,,,,,,,,,,,,,,,,,0.03747348282470144
0.04515595452911568,,,,,,,,,,,,,,,,,,,,,,,,,,,,,,,,,,,,,,0.04515595452911568
0.05040990327626026,,,,,,,,,,,,,,,,,,,,,,,,,,,,,,,,,,,,,,0.05040990327626026
0.05145093523608325,,,,,,,,,,,,,,,,,,,,,,,,,,,,,,,,,,,,,,0.05145093523608325
0.05056683730232336,,,,,,,,,,,,,,,,,,,,,,,,,,,,,,,,,,,,,,0.05056683730232336
0.04865441177809095,,,,,,,,,,,,,,,,,,,,,,,,,,,,,,,,,,,,,,0.04865441177809095
0.046683037609726245,,,,,,,,,,,,,,,,,,,,,,,,,,,,,,,,,,,,,,0.046683037609726245
0.045796298456321,,,,,,,,,,,,,,,,,,,,,,,,,,,,,,,,,,,,,,0.045796298456321
0.043738226924343634,,,,,,,,,,,,,,,,,,,,,,,,,,,,,,,,,,,,,,0.043738226924343634
0.04165687840322925,,,,,,,,,,,,,,,,,,,,,,,,,,,,,,,,,,,,,,0.04165687840322925
0.04050943110909858,,,,,,,,,,,,,,,,,,,,,,,,,,,,,,,,,,,,,,0.04050943110909858
0.038505771123140166,,,,,,,,,,,,,,,,,,,,,,,,,,,,,,,,,,,,,,0.038505771123140166
0.03555064869069949,,,,,,,,,,,,,,,,,,,,,,,,,,,,,,,,,,,,,,0.03555064869069949
0.03154777056281114,,,,,,,,,,,,,,,,,,,,,,,,,,,,,,,,,,,,,,0.03154777056281114
0.026886112979239884,,,,,,,,,,,,,,,,,,,,,,,,,,,,,,,,,,,,,,0.026886112979239884
0.020947816703678963,,,,,,,,,,,,,,,,,,,,,,,,,,,,,,,,,,,,,,0.020947816703678963
0.013467003556733985,,,,,,,,,,,,,,,,,,,,,,,,,,,,,,,,,,,,,,0.013467003556733985
0.010756734729798087,,,,,,,,,,,,,,,,,,,,,,,,,,,,,,,,,,,,,,0.010756734729798087
0.011033146164020798,,,,,,,,,,,,,,,,,,,,,,,,,,,,,,,,,,,,,,0.011033146164020798
0.010636042638323372,,,,,,,,,,,,,,,,,,,,,,,,,,,,,,,,,,,,,,0.010636042638323372
0.010202212963856877,,,,,,,,,,,,,,,,,,,,,,,,,,,,,,,,,,,,,,0.010202212963856877
0.00974103431792511,,,,,,,,,,,,,,,,,,,,,,,,,,,,,,,,,,,,,,0.00974103431792511
0.009419004349649606,,,,,,,,,,,,,,,,,,,,,,,,,,,,,,,,,,,,,,0.009419004349649606
0.008998050547199108,,,,,,,,,,,,,,,,,,,,,,,,,,,,,,,,,,,,,,0.008998050547199108
0.008379725608466958,,,,,,,,,,,,,,,,,,,,,,,,,,,,,,,,,,,,,,0.008379725608466958
0.007748309614024757,,,,,,,,,,,,,,,,,,,,,,,,,,,,,,,,,,,,,,0.007748309614024757
0.007129467889384059,,,,,,,,,,,,,,,,,,,,,,,,,,,,,,,,,,,,,,0.007129467889384059
0.006571372165039663,,,,,,,,,,,,,,,,,,,,,,,,,,,,,,,,,,,,,,0.006571372165039663
0.0058932619019159286,,,,,,,,,,,,,,,,,,,,,,,,,,,,,,,,,,,,,,0.0058932619019159286
0.0052176167681599345,,,,,,,,,,,,,,,,,,,,,,,,,,,,,,,,,,,,,,0.0052176167681599345
0.004734717819193851,,,,,,,,,,,,,,,,,,,,,,,,,,,,,,,,,,,,,,0.004734717819193851
0.004648286101110652,,,,,,,,,,,,,,,,,,,,,,,,,,,,,,,,,,,,,,0.004648286101110652
0.004955086729523278,,,,,,,,,,,,,,,,,,,,,,,,,,,,,,,,,,,,,,0.004955086729523278
0.005184548478820193,,,,,,,,,,,,,,,,,,,,,,,,,,,,,,,,,,,,,,0.005184548478820193
0.005098491849196873,,,,,,,,,,,,,,,,,,,,,,,,,,,,,,,,,,,,,,0.005098491849196873
0.004753946610817569,,,,,,,,,,,,,,,,,,,,,,,,,,,,,,,,,,,,,,0.004753946610817569
0.0042530761057397995,,,,,,,,,,,,,,,,,,,,,,,,,,,,,,,,,,,,,,0.0042530761057397995
0.0035061502591261116,,,,,,,,,,,,,,,,,,,,,,,,,,,,,,,,,,,,,,0.0035061502591261116
0.002529382244987061,,,,,,,,,,,,,,,,,,,,,,,,,,,,,,,,,,,,,,0.002529382244987061
0.0014146354581208852,,,,,,,,,,,,,,,,,,,,,,,,,,,,,,,,,,,,,,0.0014146354581208852
0.0006412405198546904,,,,,,,,,,,,,,,,,,,,,,,,,,,,,,,,,,,,,,0.0006412405198546904
0.0005018449162604806,,,,,,,,,,,,,,,,,,,,,,,,,,,,,,,,,,,,,,0.0005018449162604806
0.000446128673841901,,,,,,,,,,,,,,,,,,,,,,,,,,,,,,,,,,,,,,0.000446128673841901
0.0006146305654859699,,,,,,,,,,,,,,,,,,,,,,,,,,,,,,,,,,,,,,0.0006146305654859699
0.0006015060248388375,,,,,,,,,,,,,,,,,,,,,,,,,,,,,,,,,,,,,,0.0006015060248388375
